IP Address,Login Source,Login Date & Time
216.40.72.193,Web,"Sep 30, 2018, 2:10:55 PM"
216.40.72.60,Web,"Dec 26, 2018, 8:01:43 PM"
216.40.72.21,Web,"Apr 2, 2018, 7:13:52 PM"
107.77.203.153,Mobile,"Jul 7, 2017, 7:32:16 PM"
216.40.72.60,Web,"Jun 25, 2019, 9:50:35 PM"
72.73.16.146,Web,"Nov 27, 2019, 5:32:19 PM"
72.73.16.146,Web,"Mar 18, 2020, 6:24:11 PM"
72.73.16.146,Web,"May 18, 2020, 4:06:50 PM"
72.73.16.146,Mobile,"Jun 25, 2020, 7:50:11 PM"
70.106.247.250,Web,"Dec 16, 2020, 6:39:38 PM"
70.106.247.250,Web,"Jan 13, 2021, 2:21:48 AM"
12.160.66.60,Web,"Feb 22, 2021, 9:43:48 PM"
199.111.213.71,Web,"Mar 27, 2021, 10:14:09 PM"
199.111.227.191,Web,"Aug 31, 2021, 2:57:51 PM"
199.111.226.227,Web,"Nov 10, 2022, 9:04:38 PM"
